0,1,2,3,4,5,6,7,8,9
0.06757261,0.061464433,0.09520067,0.0729622,0.067947716,0.062253352,0.04468623,0.06917441,0.052828085,0.04301496
0.067271076,0.061438546,0.09598735,0.07322459,0.06777732,0.061719246,0.04510788,0.06951922,0.053026818,0.04273075
0.06726784,0.06112555,0.09690589,0.07332642,0.067512564,0.061256904,0.04526079,0.069781505,0.05331166,0.04244358
0.067140415,0.060906753,0.09772133,0.07346049,0.067366704,0.061346054,0.045290828,0.07002074,0.053533267,0.042161856
0.06777617,0.06141806,0.09461708,0.07282588,0.06812074,0.063259676,0.044148486,0.06881337,0.052595638,0.04328676
0.067880206,0.061395377,0.09446936,0.07278892,0.06812203,0.063376576,0.044011056,0.06877669,0.052591532,0.043333694
0.067201175,0.06151698,0.09590848,0.073282704,0.067598954,0.061358415,0.04536709,0.069534406,0.053044047,0.042701494
0.06712822,0.061284307,0.09689811,0.073409155,0.06755081,0.061043717,0.045459352,0.06984725,0.05340455,0.042416174
0.067545146,0.06143358,0.09527858,0.073105186,0.06809663,0.06224732,0.04467624,0.06925359,0.05287068,0.042959582
0.06749417,0.06138256,0.09549828,0.07307807,0.068013065,0.062029216,0.04477781,0.06922285,0.052982286,0.042969324
0.067517646,0.061262526,0.0960604,0.07304467,0.06791711,0.062262908,0.044634163,0.0693454,0.05307954,0.042782217
0.06736365,0.061593927,0.09584788,0.07309029,0.06775686,0.0617544,0.04510314,0.06950124,0.052902125,0.042788267
0.06714514,0.06111999,0.09690329,0.073418215,0.06756496,0.061527718,0.045162007,0.06983225,0.05336587,0.04238746
0.06750422,0.06128313,0.09537237,0.0730062,0.06806037,0.06269383,0.044399284,0.069132194,0.052801944,0.04306521
0.06734148,0.061446477,0.0962938,0.073240615,0.06762977,0.061381858,0.04517617,0.06957681,0.053173896,0.042612277
0.067511305,0.061362028,0.095413744,0.07317257,0.067895494,0.061994657,0.044850945,0.06934909,0.052914884,0.042828627
0.06776669,0.061437704,0.09496137,0.07291734,0.06794857,0.062661216,0.04441964,0.069065355,0.052752517,0.043129824
0.06712316,0.06131399,0.09696074,0.07329525,0.067610376,0.061556984,0.04521995,0.06972153,0.053285968,0.042370014
0.0673809,0.061457403,0.09561622,0.073068194,0.06794422,0.06231995,0.04472449,0.06928833,0.052837417,0.04282357
0.0675028,0.061443012,0.095412396,0.07307717,0.06783701,0.062006094,0.044830844,0.06925824,0.052888896,0.042950183
0.0675709,0.061409526,0.09524376,0.07286134,0.06789665,0.062569216,0.044489026,0.06914471,0.052781805,0.043029997
0.06781761,0.061330162,0.09470317,0.0728429,0.06791524,0.06293338,0.044158317,0.06898009,0.052740198,0.04328287
0.067369565,0.061451167,0.09585866,0.073167354,0.06773724,0.06161183,0.045065075,0.069471896,0.053020928,0.042811908
0.06752858,0.06138638,0.09556228,0.07302487,0.06782219,0.06204557,0.044705343,0.06924886,0.05300744,0.042971797
0.067443274,0.061392106,0.095980965,0.07329349,0.06777893,0.06167052,0.045053806,0.06955163,0.053028103,0.042726103
0.06736167,0.061419543,0.09578208,0.0731509,0.06782115,0.062326364,0.04480122,0.06933202,0.052895207,0.04278409
0.0674367,0.061354402,0.09570939,0.073146656,0.06801655,0.06233858,0.04463427,0.069439046,0.05285738,0.0428936
0.06730346,0.061471768,0.0958486,0.07302728,0.06774926,0.0620815,0.044923674,0.06943275,0.05293071,0.042756993
0.06772223,0.061418943,0.094909735,0.0727747,0.067882456,0.06287285,0.044321194,0.069080085,0.05272213,0.043190084
0.06727762,0.061314363,0.09621842,0.07326457,0.06767633,0.06149247,0.045220666,0.069605775,0.05309975,0.042608645
0.06750308,0.0613901,0.0955216,0.07303104,0.06796976,0.062371362,0.04457721,0.069204435,0.052927237,0.042970266
0.06742164,0.06152433,0.09552696,0.07307735,0.06784599,0.061831597,0.044974603,0.06940519,0.052901104,0.042889442
0.067096606,0.06115312,0.09714814,0.07352596,0.06744902,0.060672242,0.04566122,0.070037834,0.053592578,0.042304885
0.0675644,0.06145444,0.095483564,0.07306616,0.06784609,0.061864648,0.044852763,0.06925317,0.05302015,0.04291319
0.067551516,0.061446987,0.09547816,0.07310494,0.06785208,0.061941937,0.04478625,0.06922748,0.05299193,0.04293947
0.06754618,0.06134546,0.0954734,0.07318219,0.06783884,0.061865,0.044824023,0.069323786,0.053014345,0.042915393
0.06756171,0.061467998,0.09531895,0.07304156,0.06796273,0.062368225,0.044662777,0.069139026,0.052837737,0.04300534
0.06744439,0.06130804,0.09603691,0.07323773,0.067810155,0.061741315,0.044909436,0.06959377,0.05316486,0.042709514
0.067507446,0.061388228,0.09544273,0.073057465,0.067924604,0.061911635,0.044784196,0.06933507,0.052984916,0.042958044
0.06759521,0.06135878,0.09532164,0.07301499,0.06794023,0.062076733,0.04464793,0.06926026,0.05298078,0.043036174
0.06745525,0.061450537,0.09588161,0.07310531,0.067796916,0.06183445,0.044903733,0.06941201,0.05304437,0.042795513
0.06736016,0.061205223,0.09623397,0.073254064,0.067738555,0.06162574,0.044985756,0.06961481,0.053239644,0.04269575
0.06727697,0.06122227,0.096323706,0.07332392,0.06769087,0.06144447,0.045130733,0.06968316,0.05325004,0.04262401
0.067558415,0.061332863,0.09560847,0.07313516,0.067945756,0.06218942,0.044613153,0.06940863,0.053050265,0.04290674
0.0675828,0.061467282,0.09535783,0.07302227,0.06787299,0.062283438,0.044684015,0.0692551,0.052803464,0.042976677
0.067401074,0.06139025,0.095560215,0.073202774,0.06785443,0.0618058,0.044974755,0.06938247,0.052959993,0.04290211
0.06726857,0.061438195,0.09625542,0.073150046,0.06787825,0.061981075,0.044884317,0.06941679,0.053079188,0.042716436
0.06736456,0.061273634,0.09659784,0.073375955,0.06759581,0.061389558,0.045106255,0.069660306,0.053251855,0.04254984
0.0672351,0.061573513,0.09618145,0.073330715,0.067641556,0.06110871,0.0454297,0.069753304,0.053099427,0.042667985
0.06737,0.061378557,0.09576875,0.07325449,0.06781761,0.061707415,0.045041088,0.069504,0.053002577,0.04278771
0.06706494,0.061513208,0.096687034,0.07325301,0.06785756,0.061605588,0.045146238,0.069532074,0.05326772,0.042560436
0.067354456,0.06101003,0.09629271,0.07344665,0.067645654,0.061636385,0.045033246,0.06975391,0.05322585,0.042587638
0.06727867,0.0614569,0.096353255,0.0734329,0.06772478,0.06151797,0.045232788,0.069720685,0.053139526,0.042471316
0.067462824,0.061535776,0.095713146,0.07299961,0.06782664,0.061892968,0.04490334,0.069354296,0.05297647,0.042826768
0.0679151,0.06138556,0.09416739,0.07283495,0.067941494,0.063197084,0.044077855,0.06883427,0.05272106,0.043356147
0.0675177,0.061477046,0.09567937,0.07312756,0.06794335,0.062184595,0.04475639,0.06933886,0.05288446,0.042871546
0.06745605,0.061545126,0.09585159,0.07300518,0.067790695,0.06215925,0.044835597,0.06924434,0.05298225,0.042886004
0.067362495,0.061148617,0.0961932,0.07338075,0.06773804,0.06155958,0.0450618,0.0696417,0.05326941,0.042587567
0.0672157,0.061371353,0.09591068,0.07325847,0.06771373,0.0619727,0.044964172,0.06946306,0.052903544,0.042717643
0.06760999,0.061426554,0.09509109,0.07308854,0.06800815,0.062141277,0.0446474,0.06929299,0.05292503,0.042993315
0.06728831,0.061130017,0.09667472,0.073523276,0.06749589,0.06108174,0.04544088,0.06997545,0.053266916,0.042394817
0.06730203,0.06130271,0.09628706,0.07316238,0.06780307,0.061946664,0.044900406,0.06955248,0.053088237,0.042618264
0.06748452,0.06147504,0.09557628,0.07310072,0.0679043,0.061816845,0.04488675,0.0693568,0.0529847,0.042882785
0.06722074,0.061446447,0.09611818,0.0732603,0.06782115,0.061502505,0.045197386,0.06953212,0.05315012,0.042640015
0.067035034,0.06126106,0.097149625,0.07350177,0.06739328,0.060894467,0.045695703,0.07004573,0.05347987,0.042227857
0.06735171,0.061210908,0.09560097,0.07324291,0.067925654,0.062105108,0.04482986,0.069369756,0.052938942,0.042842705
0.06744466,0.06135793,0.095816955,0.0730824,0.06782233,0.06204096,0.04482407,0.069390334,0.0529859,0.04280459
0.06738866,0.061343968,0.09590467,0.073304646,0.06787866,0.061802946,0.045003418,0.06963775,0.053026352,0.042700168
0.06742919,0.06157298,0.09591437,0.07317801,0.06771485,0.06189312,0.044968624,0.06925653,0.052967872,0.04281891
0.06740792,0.061495505,0.09581468,0.073137805,0.067766644,0.061844327,0.045028124,0.06936096,0.052956,0.04285689
0.06743098,0.06147222,0.09553563,0.073066615,0.067996725,0.062286235,0.04478341,0.069340505,0.053032313,0.04288023
0.067546844,0.06136426,0.09557767,0.07312105,0.06790985,0.061730295,0.04486868,0.069429554,0.053022873,0.042905103
0.06735447,0.06146402,0.09592397,0.073077425,0.06772528,0.061631124,0.045116033,0.06948948,0.053094145,0.0427166
0.06740931,0.061263606,0.09648849,0.073029205,0.06775899,0.06252061,0.044636276,0.06932331,0.053070135,0.04270706
0.067147106,0.061145563,0.09648267,0.073437355,0.0676508,0.061540052,0.045181714,0.069653146,0.05321695,0.04247868
0.067722246,0.061384153,0.09477358,0.07295651,0.068070136,0.06267557,0.044410683,0.06894695,0.052787896,0.043163035
0.06772466,0.06137344,0.09467807,0.07293006,0.068169184,0.062740885,0.044357058,0.068916574,0.052739006,0.043227874
0.06724241,0.061518915,0.09607424,0.07307054,0.06778603,0.062166546,0.044926107,0.069289126,0.052952755,0.04276238
0.06716528,0.061494287,0.09628979,0.073254384,0.0675121,0.061670057,0.045295276,0.069755636,0.052956164,0.04250467
0.06749097,0.061500587,0.09542501,0.07301813,0.06789944,0.062113497,0.044773825,0.06925745,0.052845567,0.042942908
0.06731085,0.06126025,0.09618006,0.07328126,0.06778708,0.061722696,0.04503175,0.06959116,0.05311136,0.04263638
0.06720305,0.06155529,0.09661399,0.073133655,0.06762377,0.06106125,0.045430772,0.069625676,0.05326782,0.04256707
0.0674828,0.061481226,0.09526395,0.073101625,0.06786482,0.0621723,0.04473778,0.069198504,0.052857473,0.043023743
0.067609385,0.061413676,0.09511449,0.07298268,0.06794684,0.062496312,0.04453619,0.06905108,0.052862022,0.043074846
0.067702025,0.061370388,0.094985835,0.07292914,0.06793818,0.06267251,0.04439393,0.069014564,0.052857965,0.043160338
0.06760704,0.06140987,0.09509307,0.07300726,0.06792874,0.06248529,0.04453485,0.06904739,0.05286083,0.04308205
0.067707434,0.06137797,0.094958775,0.07294068,0.06794278,0.06266062,0.044401735,0.06898525,0.052861355,0.04316207
0.06719283,0.060924284,0.09698294,0.07345057,0.06754351,0.06159507,0.045117497,0.06980952,0.05336893,0.042362113
0.06756175,0.0614387,0.09514745,0.07298217,0.06784529,0.062266745,0.04461602,0.06915322,0.05289657,0.04309815
0.06739935,0.06151218,0.09547615,0.07313045,0.06777361,0.06182708,0.044972185,0.069387555,0.052907653,0.042932574
0.0672754,0.061546393,0.096281804,0.07317096,0.06770976,0.061154053,0.0453813,0.06964159,0.05319749,0.0426734
0.06736988,0.06107175,0.096248776,0.0733104,0.06774027,0.061722226,0.044951897,0.069635324,0.05321822,0.0426376
0.067389205,0.06141357,0.09591255,0.07305302,0.06782211,0.062025897,0.044843633,0.0693687,0.053020164,0.042775407
0.067401685,0.061404813,0.09567677,0.07319441,0.0678785,0.062002625,0.044837862,0.06934491,0.0529982,0.04278488
0.0673331,0.061494038,0.09575892,0.073066264,0.06778666,0.061751254,0.04501458,0.06943959,0.05300732,0.04285801
0.06735424,0.061442878,0.0958014,0.07311263,0.06777312,0.06177893,0.044994872,0.069436684,0.053029116,0.042838547
0.067101866,0.06147917,0.09620394,0.073279805,0.06759387,0.061135545,0.045538843,0.069803506,0.053091243,0.042498913
0.06726765,0.06102697,0.096802585,0.07345334,0.067543775,0.06107503,0.0453352,0.06998045,0.053377118,0.042383432
0.06707521,0.06119204,0.09741629,0.073489934,0.06743216,0.06069777,0.045640588,0.06999439,0.0534853,0.04227402
0.06736116,0.061395608,0.095960796,0.07311163,0.06787181,0.06172567,0.044987366,0.06935167,0.053108994,0.042825997
0.06765712,0.06140267,0.09480147,0.072880976,0.06796198,0.06294373,0.044318814,0.06895524,0.052745603,0.043175265
0.06722242,0.061314188,0.096136704,0.07322649,0.067786776,0.061704624,0.045041405,0.06952294,0.05312814,0.04266835
0.06742548,0.061303936,0.09575829,0.07317505,0.06788271,0.062152427,0.04475002,0.06931191,0.05294333,0.042833913
0.067429945,0.061467472,0.09542561,0.073077574,0.06800813,0.06230663,0.04465879,0.06924138,0.05287603,0.042949453
0.06714242,0.06121885,0.09683352,0.0733999,0.067477405,0.061283782,0.04538076,0.0699499,0.0533165,0.042333715
0.067093104,0.061213143,0.09656973,0.07336414,0.067751326,0.0615536,0.045201782,0.06974278,0.053201765,0.042466134
0.06754237,0.06122364,0.095425956,0.07302606,0.068082206,0.06273768,0.04433348,0.06914246,0.052894596,0.042986356
0.06738505,0.061122928,0.096133366,0.07315875,0.06775602,0.062120244,0.04477639,0.06946571,0.053107943,0.04269313
0.06772838,0.06139471,0.09464035,0.072890915,0.06794647,0.06276507,0.044303145,0.06899144,0.052794594,0.043293513
0.067475624,0.06135582,0.095238365,0.07302334,0.06792227,0.06267345,0.044520598,0.06919783,0.05278786,0.042943448
0.06699803,0.061417334,0.09665414,0.07343679,0.06757472,0.061028443,0.04555134,0.06984833,0.053241193,0.042341623
0.06720362,0.06080251,0.096918054,0.07347434,0.06751564,0.061920356,0.04495514,0.069845214,0.053316295,0.042343367
0.06767267,0.061377767,0.09512008,0.072948076,0.06796729,0.06245964,0.044522718,0.06911376,0.052922007,0.043063637
0.06746973,0.06147923,0.0958627,0.07311007,0.067754604,0.061818812,0.044934742,0.0695138,0.052998368,0.042870477
0.0676582,0.061446972,0.09511762,0.07294068,0.0680816,0.06269224,0.04446194,0.06902824,0.052779257,0.04308483
0.06720737,0.061558094,0.096335135,0.073206276,0.06770473,0.061373945,0.045286212,0.06966191,0.05327755,0.04266732
0.067146614,0.0612132,0.096242405,0.07349464,0.06766232,0.06145361,0.04529653,0.06979143,0.05313153,0.042501416
0.06743556,0.06129444,0.096224226,0.07315725,0.067892514,0.062554084,0.044492718,0.06924992,0.053017505,0.0427058
0.06724813,0.061379828,0.09605422,0.07326575,0.067625515,0.061494812,0.045250982,0.06965629,0.053078204,0.042625558
0.067245156,0.061449226,0.096341774,0.07331412,0.067631975,0.06137636,0.045333013,0.06966463,0.05318631,0.042472668
0.06749442,0.06141174,0.09531965,0.0729905,0.06794012,0.062432054,0.044592164,0.06912216,0.052807275,0.04305894
0.06757222,0.061374646,0.09515156,0.07291791,0.06796165,0.06264576,0.0444234,0.06902014,0.05280255,0.04314123
0.0674664,0.061422393,0.09525183,0.07322835,0.06805193,0.062023323,0.044814903,0.06931984,0.05291641,0.04286536
0.06736524,0.061515786,0.095941,0.07311758,0.06771765,0.061654452,0.0451439,0.069596365,0.053050935,0.042657323
0.06752579,0.06139514,0.09561099,0.07303084,0.06796611,0.062321737,0.044589814,0.06921719,0.052937817,0.04295654
0.06750658,0.0612365,0.09548161,0.07310216,0.06805725,0.062673844,0.044401817,0.06926519,0.05287093,0.042943653
0.06775319,0.061164267,0.094728865,0.0730289,0.0686591,0.06357262,0.043881845,0.06905625,0.05276843,0.043058578
0.06740021,0.061533142,0.095953815,0.07305891,0.0677389,0.062073186,0.04491668,0.06933441,0.053004432,0.042830463
0.067680895,0.06134438,0.095037885,0.072984114,0.068013474,0.062418465,0.044462174,0.06907516,0.052877963,0.043176275
0.067055956,0.061122186,0.097093135,0.073540874,0.06745788,0.06117037,0.04550785,0.07001102,0.053488206,0.042202327
0.067576826,0.061522707,0.09535952,0.0729618,0.06812212,0.06247187,0.044596266,0.06912526,0.052891035,0.042956512
0.06720482,0.061241847,0.09683127,0.07331422,0.06746917,0.061296303,0.045381412,0.069845065,0.053281795,0.042392213
0.067427,0.061481807,0.095639214,0.07307209,0.06781641,0.061910026,0.04490046,0.069247045,0.053028077,0.042959727
0.067325756,0.061456263,0.095579945,0.073190175,0.06786242,0.061752968,0.04501753,0.069448225,0.052954864,0.042852238
0.06740582,0.061206393,0.09589907,0.073250905,0.06780646,0.061953824,0.044841636,0.06950727,0.0530888,0.042771097
0.06732016,0.061283607,0.09575921,0.07337824,0.067881376,0.061369646,0.04520542,0.0695241,0.053124733,0.042721905
0.06738345,0.061082337,0.096398994,0.07325204,0.067767225,0.06195837,0.044840354,0.06953388,0.05314902,0.042663507
0.06761883,0.061500926,0.09511483,0.072897166,0.067972824,0.06249324,0.04455829,0.06914172,0.05286033,0.04305494
0.06761487,0.06147051,0.09545788,0.07301717,0.06793351,0.062183134,0.044679485,0.0691713,0.05294836,0.042965572
0.06769524,0.061398268,0.09499411,0.072900034,0.06803737,0.06296942,0.044259958,0.069007225,0.052655276,0.04316031
0.0678078,0.061310098,0.09456923,0.07277651,0.06818261,0.0630889,0.04413073,0.06881908,0.052741297,0.0432774
0.06764776,0.061408155,0.09478409,0.07296169,0.068090305,0.06277987,0.04437174,0.06907038,0.05272331,0.04317907
0.06750701,0.06134733,0.09556324,0.073087685,0.06795484,0.06208879,0.044710312,0.06926604,0.05302062,0.042938873
0.06773622,0.06133575,0.09528957,0.072966084,0.06780617,0.062272165,0.04456503,0.06918233,0.052907936,0.043051343
0.06730105,0.061285246,0.096018426,0.07337578,0.06772173,0.061191395,0.045327514,0.06978094,0.053118005,0.042643286
0.067238264,0.0613587,0.096115865,0.073147796,0.06779884,0.061949924,0.04493954,0.06954088,0.05300658,0.04266018
0.06766482,0.061501157,0.0945613,0.072967075,0.06816468,0.062929235,0.044361852,0.06899477,0.052572455,0.043161716
0.06730856,0.06142401,0.095913336,0.07318271,0.067823716,0.061736025,0.045060772,0.06933108,0.053010754,0.042800374
0.06742266,0.061420742,0.09619282,0.073356636,0.067694545,0.061762903,0.044898946,0.0694369,0.053089682,0.04265572
0.06727262,0.06145767,0.09583109,0.073332414,0.06784923,0.061399914,0.04517299,0.06965248,0.053075816,0.042687908
0.06737257,0.06138627,0.09585906,0.0732018,0.06782955,0.061825022,0.044925872,0.06950178,0.05307028,0.042792916
0.06758913,0.0613814,0.095109664,0.0730147,0.06793517,0.062338654,0.0445769,0.069150284,0.05279176,0.04312769
0.06725902,0.061329354,0.09659062,0.073320605,0.067604184,0.06140293,0.045227088,0.06979817,0.053229295,0.042521134
0.06753974,0.061364498,0.09540764,0.07306642,0.06790508,0.06196358,0.044735845,0.06927133,0.05296906,0.04300841
0.067368515,0.061305296,0.09577053,0.07325327,0.06780132,0.06158427,0.04509496,0.06960896,0.053079717,0.042717226
0.06735915,0.06129042,0.09638165,0.073137626,0.06773585,0.061874494,0.044950616,0.06959346,0.05319158,0.04262273
0.06735488,0.061269067,0.09587833,0.07334103,0.0677823,0.061426777,0.045073777,0.06966452,0.053139433,0.042692777
0.06748162,0.06145224,0.09509527,0.0730571,0.06807364,0.062450327,0.044607747,0.06920875,0.05278496,0.042944048
0.067368984,0.06148716,0.095483825,0.07311133,0.06794485,0.06216274,0.044847097,0.06937582,0.052880865,0.04280912
0.067371346,0.061486937,0.095481664,0.07311326,0.06794385,0.06216677,0.044844095,0.06937182,0.052878596,0.042807713
0.06747592,0.06089826,0.09675733,0.07314734,0.067872524,0.0626937,0.044373933,0.06946429,0.053130824,0.042551845
0.067568116,0.06137886,0.094948046,0.073052295,0.06806047,0.062197022,0.044595435,0.06916157,0.052906122,0.04313502
0.0676534,0.061385497,0.09477488,0.07298853,0.067941904,0.062864475,0.044300284,0.069023006,0.052702524,0.043133162
0.06738454,0.061405808,0.09589924,0.07309887,0.06782568,0.06195639,0.04490176,0.06950931,0.05297632,0.042734124
0.06748171,0.061398722,0.095669635,0.073049046,0.06780141,0.061631612,0.044948068,0.06926492,0.053098563,0.04297391
0.06724366,0.06133752,0.0962976,0.07325409,0.06774398,0.062012073,0.044962376,0.06958388,0.05299448,0.04262698
0.06732467,0.061253414,0.09626781,0.07322395,0.06770575,0.061830856,0.044970255,0.06955385,0.053064078,0.042660203
0.06770637,0.061388955,0.094892345,0.07280578,0.06789529,0.06321137,0.04409944,0.069018014,0.05266083,0.043204725
0.0676602,0.061343785,0.095076956,0.073000915,0.067912646,0.06251948,0.044463888,0.06910919,0.052794836,0.04308537
0.067637235,0.061378658,0.0949511,0.072933875,0.06796971,0.06253077,0.044455435,0.06901588,0.05281134,0.043178853
0.067839,0.061384495,0.09458072,0.07286048,0.068008274,0.06310621,0.04417341,0.06886649,0.052698627,0.043283436
0.06779857,0.061422113,0.094553225,0.07288705,0.0679901,0.06301581,0.044215813,0.06887387,0.05268536,0.043299016
0.067539334,0.061309826,0.09561248,0.07303618,0.06794983,0.06223248,0.04466083,0.06939869,0.052999157,0.042860933
0.06752356,0.061406158,0.095053405,0.07297214,0.067937985,0.062929675,0.0443584,0.06910841,0.05261923,0.04307863
0.06750563,0.06140693,0.09532208,0.073039226,0.06785907,0.06240466,0.044653155,0.069262214,0.05281012,0.0429859
0.06759436,0.061439335,0.09532061,0.072935104,0.06811622,0.0627162,0.044400983,0.069080465,0.05279239,0.043088194
0.0669175,0.060982566,0.09715699,0.073680304,0.067327134,0.060594026,0.045747593,0.070150666,0.053417664,0.04224376
0.06748994,0.06150978,0.095453165,0.07310942,0.06786945,0.06189494,0.044903565,0.06936973,0.05287389,0.042993814
0.06759306,0.06142684,0.09528832,0.07293447,0.06792196,0.062534235,0.044515233,0.06913019,0.05281855,0.043065097
0.06743898,0.061391722,0.09567795,0.073057234,0.06798342,0.06218474,0.0447229,0.06922968,0.05294553,0.04293175
0.067688026,0.061380267,0.09500098,0.07293281,0.067966,0.062717296,0.044411007,0.068995304,0.05287861,0.043130536
0.06740512,0.061402768,0.09556028,0.073119976,0.06804996,0.06253226,0.04463536,0.06918991,0.052832622,0.042875964
0.067469575,0.061361257,0.09575565,0.07308111,0.06793364,0.062181294,0.044759635,0.06946267,0.05293006,0.0428249
0.067542315,0.061462592,0.09549996,0.07308457,0.06782385,0.06191587,0.044893216,0.069406435,0.052963745,0.042901807
0.06784217,0.06139544,0.09469491,0.072829515,0.068012685,0.06282769,0.044284374,0.06897483,0.052748345,0.043232255
0.067441575,0.06144462,0.095460676,0.0731348,0.06789314,0.06194048,0.04488515,0.069253415,0.05290105,0.042953942
0.06751722,0.0614179,0.095320284,0.0730721,0.06793711,0.06212908,0.04472403,0.06914131,0.05288976,0.04302595
0.067488834,0.06144003,0.095780835,0.072958454,0.067765854,0.061958965,0.044827238,0.06932838,0.053016238,0.042901196
0.06762401,0.061566886,0.09501798,0.07293747,0.06787514,0.06282898,0.04439445,0.068961546,0.052704114,0.043084115
0.067382984,0.06126526,0.09603867,0.07310845,0.06787449,0.062279426,0.044693463,0.0694813,0.052998032,0.042694494
0.06731369,0.06134084,0.095749706,0.073266305,0.06789902,0.06178923,0.04498046,0.069458656,0.052994438,0.04276682
0.067622595,0.061468214,0.0950401,0.07295397,0.068009086,0.06256784,0.044493392,0.06911114,0.052745126,0.043113917
0.06731733,0.061232578,0.09667585,0.073399134,0.06764346,0.061098702,0.04535898,0.06976814,0.053336408,0.04247063
0.06728966,0.061220434,0.09670827,0.073354095,0.0676333,0.061110124,0.04535274,0.069780625,0.05334789,0.042490464
0.06717857,0.061508603,0.09650309,0.07328659,0.06763937,0.061060745,0.04543348,0.06970237,0.05327282,0.042572718
0.06758967,0.06138241,0.095089294,0.07296861,0.06793775,0.06277315,0.044430565,0.06916418,0.05275834,0.043048702
0.06723608,0.061187346,0.0965302,0.07326293,0.06767169,0.061709166,0.04509916,0.06981126,0.053254593,0.042400364
0.06728001,0.061606925,0.09600301,0.07324267,0.06767816,0.0613746,0.045338288,0.0695992,0.052951828,0.04283711
0.067098245,0.06133955,0.096669644,0.07336812,0.06750379,0.06089286,0.04558302,0.06991835,0.053330425,0.042466752
0.06735737,0.061513532,0.09577654,0.073081516,0.067767285,0.06166569,0.045094337,0.06945672,0.053031016,0.042845793
0.0675684,0.061485924,0.09537258,0.072984725,0.067894325,0.062044587,0.044791684,0.0692405,0.052967027,0.042998422
0.06740133,0.061491784,0.09533499,0.07309941,0.06801238,0.06244983,0.044738967,0.069213435,0.05275174,0.04293568
0.067048416,0.060944527,0.09696609,0.073577695,0.06727145,0.061531078,0.045416903,0.06994854,0.053273827,0.042203147
0.06774925,0.061478958,0.095141366,0.07290094,0.06779871,0.062442537,0.044577636,0.06917709,0.05280793,0.043074425
0.06751,0.06145389,0.09574904,0.07306835,0.06765712,0.061882023,0.04492211,0.06939971,0.0530048,0.04281766
0.067744926,0.061413936,0.094627135,0.07296551,0.06802866,0.062784776,0.04433648,0.06900842,0.052712794,0.04323246
0.06777526,0.061428815,0.09459798,0.07298531,0.06805161,0.062777035,0.044346713,0.06899436,0.052711334,0.043214325
0.06773583,0.061352253,0.09492889,0.07294316,0.06805193,0.06254204,0.044424284,0.069010586,0.05286404,0.043188732
0.06743348,0.061320085,0.095597014,0.07322028,0.06789082,0.061872713,0.044879287,0.06951165,0.05296987,0.042877834
0.06752799,0.061327584,0.09541202,0.07315601,0.06796408,0.06204832,0.04474089,0.069427006,0.05292074,0.042968746
0.0670175,0.06153308,0.09717769,0.07338906,0.06737836,0.060509045,0.045799047,0.06976203,0.053428713,0.042400986
0.06741191,0.06150464,0.09582233,0.07316571,0.06766433,0.061550852,0.045101367,0.06937461,0.05305323,0.042911537
0.067183085,0.06150984,0.09628435,0.07330639,0.06765451,0.061037622,0.04554945,0.06962361,0.0530932,0.042704795
0.06728617,0.061175767,0.09677948,0.07335822,0.067615494,0.06111539,0.045310568,0.06983167,0.05338871,0.04248182
0.06752773,0.061502185,0.09549789,0.07312887,0.06790238,0.062042642,0.044781532,0.0693583,0.052898094,0.042915132
0.0675108,0.061491728,0.095505774,0.07311159,0.06790586,0.062065106,0.044778798,0.06935948,0.052894622,0.04292247
0.067482434,0.061416976,0.09570058,0.07298643,0.06793706,0.062382717,0.044622898,0.06928399,0.052851435,0.042846054
0.066954486,0.06128458,0.09749448,0.073529586,0.067344055,0.061029915,0.045648854,0.070096,0.05352571,0.042066615
0.0673983,0.06126834,0.0962672,0.07321034,0.06778847,0.061848868,0.044893637,0.06956524,0.053124428,0.0426344
0.06762698,0.061372075,0.0948807,0.07299813,0.068177536,0.06288973,0.044355523,0.06903332,0.052731045,0.043096974
0.06731779,0.061261807,0.09583951,0.07319711,0.0680718,0.062490348,0.044629097,0.06926304,0.05294903,0.042717367
0.0672202,0.0612391,0.09648424,0.073313475,0.0677498,0.061384957,0.04517106,0.06958141,0.053255364,0.042625897
0.067285016,0.061402425,0.0960742,0.07333577,0.0676887,0.0615317,0.04523693,0.06962555,0.053056013,0.042663615
0.06729414,0.06132129,0.09620323,0.073375165,0.06771441,0.061454017,0.0451896,0.06965256,0.053182285,0.042621966
0.06706412,0.06126165,0.096580535,0.07346374,0.06767649,0.061265174,0.0454571,0.069759905,0.053243887,0.04247218
0.067491286,0.06140372,0.09660352,0.073257074,0.06773331,0.062188186,0.044733755,0.06951136,0.05305115,0.04260159
0.06737356,0.061494414,0.09568434,0.07314065,0.06782819,0.06185314,0.044992253,0.0693782,0.052932423,0.04275538
0.06741348,0.06104674,0.09680283,0.07335144,0.067532815,0.0619077,0.044932544,0.06981735,0.053217415,0.042424317
0.067446,0.061111603,0.09614518,0.07327629,0.06774564,0.061884224,0.044876102,0.069535114,0.053130932,0.042674635
0.06720252,0.061426707,0.096253894,0.07325693,0.067699514,0.061282463,0.045317236,0.0695565,0.05316007,0.04263854
0.067032754,0.061504703,0.09648138,0.073397286,0.06751444,0.06101038,0.045650292,0.06994958,0.053137287,0.042417984
0.067502186,0.061396796,0.095473126,0.07303449,0.0678912,0.062337976,0.044631273,0.06921566,0.052855816,0.042929683
0.067050725,0.06137984,0.09666658,0.07344404,0.06758667,0.0608162,0.04555262,0.0698923,0.053373724,0.042470668
0.06723405,0.0611793,0.096325666,0.07335375,0.06772147,0.061591562,0.045106303,0.06972575,0.05320615,0.042550117
0.06745898,0.0613047,0.09567174,0.07313023,0.067917794,0.06207663,0.044792272,0.06943142,0.0530639,0.04277004
0.0674606,0.061446294,0.09511261,0.073153645,0.06800679,0.06213646,0.044764813,0.06920159,0.052763645,0.042985484
0.06734043,0.061543565,0.09579454,0.073151305,0.06768392,0.061638646,0.04516606,0.069616385,0.05293534,0.04279311
0.0674524,0.061529413,0.09550228,0.07303607,0.06778891,0.062018506,0.044890888,0.069437355,0.052912157,0.04292695
0.06729383,0.061234675,0.09654764,0.07338475,0.06771156,0.061424866,0.045156546,0.06963934,0.05335631,0.042564265
0.06732563,0.06149823,0.09599873,0.073135175,0.06781189,0.061512657,0.04512798,0.06944694,0.053118855,0.04275901
0.06739623,0.06147671,0.095958084,0.07309232,0.067822166,0.06159509,0.045037273,0.069398366,0.05313484,0.04281727
0.0671484,0.061531022,0.096549004,0.07342175,0.06755847,0.061040305,0.045430932,0.069649115,0.053214677,0.042501338
0.06767547,0.06140268,0.09523259,0.07297985,0.06804243,0.062533714,0.044467565,0.069166884,0.052901845,0.04304989
0.06757343,0.061438378,0.095374905,0.07303618,0.06801758,0.06233895,0.044615123,0.069251016,0.052909587,0.042960726
0.067717165,0.061375476,0.09518402,0.07296907,0.06804527,0.06258714,0.044426028,0.06911799,0.052901275,0.043057386
0.06730206,0.0614218,0.096053146,0.07314113,0.06777641,0.06161662,0.045085095,0.06935332,0.05318261,0.04275624
0.06711775,0.06124735,0.09722156,0.07337282,0.06734806,0.06092959,0.04556248,0.07003211,0.0534696,0.04223419
0.06731667,0.06129155,0.096184164,0.073233575,0.0676564,0.06151239,0.045145977,0.06953694,0.05313894,0.04269747
0.06728036,0.061342813,0.09608231,0.07329326,0.067878634,0.061948434,0.04497018,0.06961426,0.053042386,0.042635042
0.06749109,0.061309434,0.09584312,0.07329473,0.06792289,0.06227731,0.04465422,0.06940075,0.0530309,0.042733237
0.06755925,0.06120026,0.0955514,0.07319592,0.06807558,0.062494203,0.044515904,0.069366485,0.05298828,0.04284447
0.0674832,0.061173458,0.09575085,0.07327048,0.067987174,0.062310588,0.044637956,0.0694477,0.053052,0.042759236
0.06736008,0.061163224,0.09630095,0.07337426,0.06764937,0.061580513,0.04513205,0.06968985,0.05315184,0.042512767
0.067172304,0.06113158,0.096686766,0.07331431,0.06753352,0.06155982,0.045209534,0.06977168,0.053236578,0.042456765
0.06704956,0.0610726,0.09703835,0.073596284,0.06740952,0.06060428,0.045701858,0.07008004,0.053468484,0.042240757
0.067803115,0.061367672,0.09473567,0.072877154,0.06800953,0.062711746,0.04433058,0.06895169,0.05278005,0.04327581
0.0673369,0.061201375,0.096176505,0.07337247,0.067709886,0.061651614,0.04505974,0.069683276,0.05318278,0.04259872
0.06708702,0.06116737,0.097069204,0.073548526,0.067444004,0.06098739,0.04553618,0.06999225,0.053418096,0.042270083
0.06735325,0.061243497,0.096064776,0.07334641,0.067815274,0.061394382,0.0451265,0.069630854,0.053160466,0.042739853
0.06756402,0.061407812,0.09518877,0.07300738,0.06787929,0.062169623,0.044691946,0.06912698,0.052944366,0.04311623
0.06733053,0.061398722,0.09581968,0.073092565,0.06779258,0.062139776,0.044855572,0.06936471,0.05289512,0.042740718
0.06745046,0.061233975,0.095902026,0.07321944,0.06789777,0.06209966,0.044738926,0.06946459,0.053039294,0.04278208
0.06727153,0.06134157,0.09603157,0.07326687,0.067767546,0.061515924,0.045136128,0.06964064,0.053076476,0.042621724
0.067285,0.06134611,0.09606221,0.073302284,0.06773811,0.061452847,0.045178037,0.06969231,0.0530724,0.04262405
0.0673772,0.061318964,0.09588964,0.073226325,0.067823775,0.061717533,0.04497992,0.06954599,0.05304763,0.042699236
0.06728626,0.06134995,0.09606238,0.07329072,0.06773604,0.06144924,0.045180872,0.0696895,0.05307205,0.042627074
0.06714076,0.061513994,0.096791096,0.073339544,0.067488305,0.060560286,0.045695525,0.06990521,0.053336482,0.042472657
0.067605674,0.061155967,0.09564949,0.07347497,0.06798809,0.062189765,0.04454009,0.06965324,0.05314662,0.042727124
0.06763086,0.0613612,0.095462866,0.07305725,0.06796695,0.06282723,0.044401113,0.06926261,0.052780062,0.0428396
0.06746496,0.06140244,0.09541009,0.0731365,0.06794604,0.06256692,0.04463588,0.06921536,0.052736364,0.042807188
0.067112066,0.061411817,0.096620224,0.07342561,0.06737888,0.060977906,0.045602567,0.07000511,0.053180948,0.0423851
0.067279436,0.061286896,0.096461065,0.073259294,0.06754046,0.061521027,0.045183677,0.069857515,0.053248804,0.042427953
0.06726883,0.06136436,0.09657522,0.073189914,0.06766857,0.061304253,0.045209892,0.06966984,0.053292748,0.042615958
0.06731783,0.06128381,0.09575823,0.073152,0.06790702,0.062384076,0.04471294,0.06937506,0.053018603,0.042782754
0.06721352,0.06128706,0.09603982,0.07327374,0.06775598,0.061964802,0.04501002,0.0695721,0.053055618,0.042650998
0.0672392,0.061483614,0.096181355,0.07320936,0.06770344,0.061525695,0.04521841,0.06950059,0.053087734,0.042669352
0.06745852,0.061441183,0.09537454,0.0731098,0.06802997,0.062251188,0.044780206,0.069302276,0.052890014,0.042896967
0.06723406,0.061149493,0.096749455,0.07356462,0.067621194,0.060864132,0.045455474,0.06991259,0.053431418,0.042358194
0.06760698,0.061424643,0.09522555,0.07303156,0.068050735,0.0622762,0.04458545,0.06917698,0.052933175,0.042980235
0.06733745,0.06139329,0.09613505,0.0731862,0.06782246,0.06152454,0.045113415,0.06948251,0.053051904,0.04278125
0.06719485,0.06113927,0.09695252,0.07336061,0.06752451,0.0612889,0.04523751,0.069787964,0.053378716,0.04242638
0.06714683,0.061148833,0.09709178,0.073468395,0.06749148,0.060787965,0.045544542,0.06996239,0.0534651,0.042370025
0.06746331,0.06144248,0.09539062,0.07303022,0.0678339,0.062017955,0.044841357,0.06926045,0.052921277,0.043014392
0.067301504,0.06093169,0.09682345,0.07345901,0.06762546,0.061705112,0.045001306,0.06976929,0.053363185,0.04242632
0.06715976,0.06142943,0.09646289,0.07326244,0.067659914,0.061277088,0.045273084,0.06964453,0.053176608,0.04268242
0.06705364,0.060859315,0.0973278,0.073687844,0.067347094,0.060996547,0.045541245,0.07023595,0.0534882,0.04211718
0.06723107,0.061530765,0.0961978,0.073254116,0.067641556,0.061149057,0.04538647,0.06960197,0.05314126,0.04271622
0.06728206,0.061471768,0.096230805,0.07323343,0.067723185,0.061340895,0.045197923,0.069620885,0.05317505,0.04272139
0.06779857,0.061397918,0.09463226,0.07287376,0.06807557,0.06307048,0.04423308,0.06885872,0.052679878,0.043256123
0.06748951,0.06110789,0.096192926,0.07329635,0.06795782,0.062296156,0.04459391,0.06947496,0.05315465,0.04264688
0.0674677,0.061096475,0.096218795,0.07326548,0.067951344,0.06230408,0.044589147,0.06948357,0.053163145,0.04266203
0.06695651,0.061429128,0.09738895,0.07352152,0.067298576,0.06073656,0.04571987,0.06993634,0.053366404,0.04224293
0.067624725,0.06126827,0.09516807,0.073093355,0.06803803,0.062439926,0.044535723,0.06924372,0.052876636,0.043010276
0.06763818,0.061321717,0.0952651,0.07292472,0.068069845,0.06282328,0.04427748,0.06909867,0.05287057,0.04309129
0.067422055,0.06129271,0.09596266,0.07317816,0.06774835,0.06198881,0.04482003,0.06955555,0.05299419,0.042717293
0.06756776,0.061397076,0.09500557,0.072949305,0.068053894,0.062940665,0.044356406,0.069038816,0.052709676,0.043079246
0.06743699,0.061071318,0.09602854,0.07321344,0.06784874,0.062170155,0.044642378,0.069433264,0.05315461,0.04278997
0.067733,0.061355412,0.09451668,0.072881214,0.0681791,0.0632311,0.04412877,0.06888954,0.052659363,0.043211587
0.067698814,0.061249726,0.09521027,0.072890885,0.06810933,0.06298559,0.0442043,0.068953834,0.052758534,0.04311918
0.06725803,0.061181836,0.09636975,0.07330563,0.06782313,0.061899353,0.04494258,0.069607526,0.053119775,0.042581134
0.06748614,0.061096568,0.09606064,0.073167905,0.0677762,0.062167477,0.04468358,0.069455385,0.05307625,0.0427392
0.06760575,0.061383724,0.095061176,0.07302236,0.06800638,0.06251237,0.04449055,0.069078915,0.05282769,0.043061383
0.067532204,0.06135048,0.09524446,0.073058076,0.067947246,0.06240239,0.044575453,0.069161646,0.05286977,0.042996496
0.06757343,0.0613854,0.09502423,0.073033206,0.068028204,0.06241039,0.044560313,0.06911039,0.0528175,0.043087672
0.06758961,0.06139903,0.09500077,0.07305302,0.068031706,0.062390633,0.044566065,0.06908672,0.05282278,0.04308039
0.06742108,0.061415132,0.09531538,0.07314097,0.067930266,0.0620845,0.044809815,0.06925672,0.052866966,0.042953543
0.06739676,0.06145749,0.09576659,0.07313118,0.067848705,0.062188998,0.044757634,0.06927499,0.052926175,0.042853095
0.06748962,0.061360475,0.09543923,0.0730129,0.06797675,0.06249328,0.04453576,0.06919642,0.052894082,0.043006543
0.06739995,0.06128337,0.095908396,0.073187046,0.067849316,0.06202828,0.044817448,0.069486015,0.05297986,0.042777255
0.06752506,0.06137549,0.095390305,0.07302661,0.06804578,0.06264409,0.04455966,0.06926026,0.052801635,0.04290273
0.06733103,0.06113786,0.09638325,0.07325844,0.06791556,0.062291663,0.044674788,0.06945632,0.0531301,0.042625636
0.067341134,0.06146663,0.09609685,0.07317082,0.06778648,0.061645314,0.045135643,0.069435515,0.05308725,0.04272938
0.06776083,0.061392464,0.09448956,0.07281586,0.068303004,0.063415684,0.0440687,0.06877033,0.052529007,0.04329679
0.06737653,0.06150388,0.09544382,0.07299059,0.0678541,0.062622696,0.044622783,0.06918972,0.052731905,0.04298007
0.06764925,0.06140333,0.095001005,0.07302529,0.06811142,0.06272641,0.04442107,0.06904113,0.05276185,0.043034032
0.06793243,0.06135333,0.09441728,0.072848246,0.068142146,0.06334785,0.044022106,0.06881991,0.052657474,0.04330039
0.06783799,0.061401818,0.09460818,0.07289351,0.06815343,0.06315947,0.044138487,0.06891612,0.052641124,0.043236855
0.06753709,0.06151745,0.09499815,0.073012896,0.068079166,0.06265038,0.044510312,0.069102325,0.052680038,0.043023027
0.06775757,0.06130743,0.09472599,0.07291068,0.068038486,0.06275692,0.044252828,0.068988785,0.052799687,0.043267965
0.06729316,0.061259516,0.095879704,0.07326041,0.067685634,0.061962202,0.04490185,0.069555335,0.0529527,0.042725883
0.067079246,0.061198134,0.09698877,0.07366955,0.06737228,0.060764626,0.04570639,0.070084326,0.053395353,0.042305946
0.06707172,0.061225995,0.0964672,0.07353808,0.06767335,0.06118528,0.04539302,0.06986273,0.053285617,0.042436853
0.06768468,0.06125397,0.09489223,0.072937295,0.06817685,0.06306513,0.04411899,0.06896714,0.052751895,0.043204844
0.06753729,0.06135009,0.09553868,0.07298042,0.06791962,0.06250513,0.044557784,0.069185264,0.0528604,0.04295021
0.06765092,0.06135786,0.09507704,0.072983675,0.06795156,0.0624037,0.0445287,0.06912311,0.05286005,0.043130327
0.06747147,0.061313637,0.09607737,0.0732116,0.0677725,0.061961334,0.04480007,0.069441035,0.05307469,0.042725336
0.06740545,0.06127827,0.096110374,0.0731151,0.067637414,0.062009703,0.04488958,0.06949412,0.0530661,0.042667255
0.067367315,0.061320454,0.095667325,0.0732156,0.06792727,0.06225487,0.044778403,0.0693959,0.05289387,0.04280638
0.06728007,0.06145994,0.09597251,0.07318507,0.067649975,0.061305773,0.045292202,0.06951969,0.053065762,0.042742748
0.06730344,0.061277073,0.09609027,0.07317472,0.067789935,0.062219527,0.04478185,0.06938979,0.052973196,0.042741597
0.06746868,0.06131663,0.09569035,0.07310946,0.067885414,0.062056437,0.04480208,0.06926396,0.052993175,0.042893656
0.06735839,0.061366215,0.09552012,0.07323869,0.06784835,0.062053505,0.044899832,0.06949548,0.052833024,0.042829007
0.06742201,0.061338324,0.09540276,0.07318215,0.06790252,0.062243946,0.044741806,0.06939625,0.05282638,0.042894624
0.067270026,0.061372515,0.09561228,0.07325044,0.06782595,0.06194558,0.044985484,0.069534205,0.052858025,0.042765763
0.067288,0.06135625,0.095658906,0.07328933,0.067786075,0.061915964,0.045012314,0.069564655,0.052870627,0.042756986
0.067601465,0.06136234,0.09515546,0.07297777,0.06792006,0.062375207,0.04454835,0.06913113,0.05286528,0.043084536
0.06754233,0.061135657,0.0954851,0.073286474,0.06791181,0.062293768,0.04459985,0.06957915,0.053030543,0.042826604
0.067105465,0.06154164,0.096057825,0.073213466,0.0677495,0.06143501,0.045336522,0.06950065,0.053017445,0.042665474
0.067475125,0.06147587,0.095642686,0.0730952,0.06776887,0.061820693,0.045016635,0.06949892,0.052943133,0.04280032
0.0675877,0.061360475,0.09551146,0.07304069,0.06786212,0.06199426,0.04473263,0.06924134,0.05301795,0.042981982
0.06751393,0.061470613,0.095809065,0.07313132,0.06776055,0.06180937,0.044856075,0.069257356,0.053044986,0.042864807
0.06732865,0.061372347,0.09611547,0.07320309,0.0677057,0.061444286,0.045153853,0.06952778,0.053128365,0.04272317
0.067319974,0.06138451,0.096060954,0.073208414,0.067789085,0.06178429,0.045059297,0.06962958,0.053048864,0.042671695
0.06760355,0.061477013,0.09521552,0.07295764,0.067825235,0.062326044,0.04467345,0.069274455,0.052843165,0.04301724
0.0675279,0.06110325,0.09722012,0.07310531,0.067596145,0.06206888,0.044739015,0.06972821,0.053279616,0.042429067
0.06756476,0.06142021,0.09509728,0.07294663,0.06806372,0.062580965,0.04448046,0.06904315,0.05287233,0.04306504
0.06720886,0.061133478,0.09630888,0.07351776,0.06764169,0.061171804,0.045459673,0.06974939,0.053251624,0.04243729
0.06745889,0.06134364,0.09555812,0.07300616,0.06782628,0.062314443,0.04463462,0.06918288,0.052922275,0.043008
0.06728351,0.061332975,0.096392415,0.073349245,0.06786595,0.062393844,0.04472358,0.06942764,0.05304318,0.042560145
0.06731878,0.061343983,0.096081324,0.07315284,0.06797094,0.062243536,0.044761695,0.06933865,0.052986138,0.042755783
0.067041986,0.060938634,0.09714262,0.0735788,0.06742548,0.061227188,0.045374904,0.07000392,0.05345635,0.042238284
0.06743479,0.061420042,0.09528033,0.07314349,0.067946024,0.062133722,0.04476834,0.069263406,0.052833874,0.042886086
0.06764453,0.061504647,0.095047496,0.07309375,0.06795316,0.062475204,0.044503793,0.069018975,0.05281056,0.043013036
0.067552924,0.061536476,0.09518054,0.07314699,0.06794076,0.06230406,0.044640172,0.069100216,0.05280175,0.042927813
0.067451194,0.061562806,0.095320165,0.07318834,0.067894824,0.062114272,0.044781197,0.06919706,0.052811373,0.04285697
0.06701402,0.061520286,0.09649515,0.073275335,0.067820504,0.061792377,0.045183655,0.06954293,0.05310215,0.042511545
0.06727119,0.061133176,0.0962532,0.07344775,0.06767047,0.061310202,0.04522104,0.069838375,0.053233236,0.042575847
0.06766507,0.061476503,0.09492748,0.072890736,0.06808408,0.06301902,0.044277083,0.06894029,0.052626945,0.04315071
0.06745462,0.06149207,0.095768735,0.07300387,0.067799665,0.061966706,0.04491199,0.069357365,0.052918144,0.042837966
0.06723647,0.061313823,0.09641967,0.07333821,0.067715116,0.061588693,0.045124438,0.06961051,0.05318559,0.042629886
0.06735355,0.06121116,0.09639488,0.0733891,0.0677008,0.061408974,0.04518213,0.069696315,0.05323611,0.04251279
0.067192204,0.061054286,0.09667931,0.073696494,0.06761061,0.06094652,0.045459535,0.06999062,0.05344987,0.042345125
0.067576654,0.06151377,0.09526697,0.07299168,0.06778531,0.062185984,0.044760652,0.069290765,0.05283798,0.04305884
0.067269705,0.061420385,0.09632764,0.07303586,0.06784001,0.062133905,0.044891667,0.06930905,0.053086676,0.04268217
0.06718246,0.061452735,0.09650112,0.073090255,0.0677483,0.06188533,0.04507364,0.06944314,0.053121407,0.04261721
0.06747089,0.061450012,0.09575688,0.07305484,0.067859314,0.06157662,0.044936717,0.06940284,0.05312969,0.042960025
0.067766994,0.061380316,0.094854526,0.07292986,0.06794388,0.06267479,0.04440002,0.06899843,0.052787323,0.043214113
0.06760671,0.06143408,0.0950026,0.07300375,0.06792927,0.06225262,0.044686977,0.06910168,0.052807022,0.043044284
0.067685634,0.06131678,0.095191024,0.07292451,0.06809323,0.06296938,0.044211484,0.069034815,0.052751526,0.04307676
0.06748192,0.061555218,0.09557016,0.07306653,0.06769781,0.06192664,0.04489449,0.06927464,0.05293608,0.043038923
0.067231774,0.061278243,0.09698563,0.07339342,0.06747885,0.06132217,0.045252103,0.06969059,0.053292174,0.04241819
0.06751426,0.06138052,0.09590426,0.073054284,0.067842074,0.06179787,0.044823136,0.0693653,0.053128757,0.042883236
0.06752697,0.06127963,0.09575839,0.073124796,0.06795901,0.06215953,0.044648305,0.0693612,0.05301673,0.042877678
0.067315534,0.061350558,0.09577697,0.073230855,0.06792757,0.062206253,0.04484183,0.06934482,0.052867323,0.04267763
0.06715689,0.061502535,0.096315645,0.07321084,0.067711174,0.060894202,0.045485225,0.06958801,0.053255737,0.042728186
0.06718037,0.061315604,0.09575183,0.073380984,0.06772947,0.061907653,0.04513598,0.06957848,0.05296303,0.042612553
0.06730448,0.061588805,0.09515826,0.0731101,0.06798823,0.06235572,0.044814777,0.06910492,0.05266557,0.04292506
0.0676603,0.061397932,0.09498612,0.07315827,0.06815673,0.06247013,0.04456058,0.069177195,0.052854788,0.042950418
0.06736243,0.061039362,0.097339205,0.07343,0.0674703,0.061301246,0.045194898,0.06996432,0.053429324,0.04231788
0.067307405,0.061306484,0.09648185,0.073200285,0.067844205,0.062146682,0.044841234,0.06950634,0.05307958,0.042608634
0.06709122,0.06102577,0.09725928,0.073593944,0.0673645,0.06087225,0.045584686,0.07018697,0.05357011,0.042149838
0.06740684,0.061513517,0.09548038,0.073126525,0.06765346,0.061828297,0.045055356,0.06934534,0.052850068,0.042816635
0.06713816,0.061249144,0.09717213,0.07353984,0.06736173,0.06107356,0.045468993,0.06995337,0.053372122,0.042259697
0.067229,0.061505076,0.096130736,0.073523514,0.06768878,0.061340757,0.045319904,0.06962363,0.053028844,0.042490162
0.0671751,0.061513152,0.09628141,0.073548056,0.06762108,0.06117177,0.045421153,0.06970379,0.053080644,0.042443514
0.0674458,0.061459456,0.09511748,0.07317601,0.06795392,0.061951593,0.04484346,0.06929844,0.052858334,0.04297946
0.06757689,0.06128668,0.095548935,0.07310633,0.068002686,0.06248438,0.044525165,0.0693823,0.05296802,0.042789273
0.067546755,0.06131508,0.09540085,0.07297062,0.067979686,0.062774085,0.044445064,0.06923663,0.05283985,0.04291885
0.067461476,0.06131136,0.095550954,0.073221296,0.06783267,0.061854813,0.044839237,0.06947139,0.0530249,0.04285597
0.06737914,0.061305806,0.09565619,0.07326417,0.06786076,0.061697114,0.044960093,0.06949458,0.053064242,0.042808965
0.067668736,0.061410997,0.09489297,0.07296789,0.06800903,0.062588885,0.04448398,0.069064856,0.052838463,0.04311249
0.06734969,0.061412066,0.09627761,0.073181055,0.06777018,0.0616732,0.04505804,0.06960259,0.053130556,0.042613387
0.06717233,0.061325427,0.096234016,0.07346052,0.06763821,0.061088763,0.04547257,0.06980308,0.05322701,0.04254545
0.06733994,0.06141075,0.09587528,0.07324492,0.067864604,0.0613836,0.0451155,0.06937972,0.05316079,0.042807594
0.06753101,0.061430443,0.09528014,0.07297587,0.06795207,0.062085282,0.044733267,0.0690634,0.0529305,0.043145217
0.067726105,0.061318167,0.0949156,0.072908305,0.067928754,0.062409412,0.044443123,0.06895772,0.052899353,0.043305416
0.0676236,0.06136456,0.09513071,0.07298088,0.067925505,0.0621932,0.04462599,0.0690674,0.052895863,0.0432099
0.06735575,0.061458055,0.09579791,0.07303423,0.06777952,0.062085975,0.04490739,0.06941921,0.052868627,0.042729083
0.06710509,0.061329845,0.09663724,0.0734453,0.067424215,0.06065189,0.045762476,0.0699882,0.053342193,0.042372
0.06731092,0.061322473,0.09522741,0.07329449,0.06796138,0.062297575,0.044778448,0.06946619,0.052812092,0.042829044
0.067356214,0.06147123,0.09514739,0.07328751,0.06819235,0.062403675,0.044688825,0.06930136,0.052762248,0.04289552
0.0676863,0.061468102,0.09437085,0.072968,0.06835821,0.0631731,0.04416393,0.06883597,0.05257528,0.043198273
0.067041025,0.06102372,0.096322596,0.073603325,0.06748929,0.06131492,0.045381118,0.070121184,0.05325856,0.04237849
0.06737,0.06143342,0.095817186,0.07311651,0.06784719,0.061637983,0.045033254,0.069318786,0.053018592,0.042893775
0.067625694,0.061354544,0.09518365,0.0730259,0.0679997,0.06223057,0.04460365,0.069135666,0.05294274,0.04305941
0.06762641,0.061353058,0.095182955,0.07302346,0.0679979,0.06223249,0.044605125,0.06913533,0.052943647,0.04305889
0.06752524,0.061333194,0.095440224,0.07307326,0.067938454,0.06205439,0.044716757,0.06922601,0.053009164,0.042974558
0.06751357,0.061507925,0.095153615,0.07306803,0.06767255,0.062111206,0.04479425,0.06920442,0.052816667,0.04309733
0.06737184,0.06141729,0.09602789,0.07311973,0.06784031,0.061703246,0.044960678,0.069442034,0.05325768,0.04275959
0.06695483,0.06146551,0.096631974,0.07345389,0.06752481,0.06056716,0.045833234,0.070046045,0.053306196,0.042307936
0.06721621,0.061135728,0.09680912,0.073541865,0.06752604,0.06111945,0.045409925,0.06994101,0.05335229,0.042329285
0.06712618,0.06109214,0.09701994,0.07360097,0.06742287,0.060926042,0.045554895,0.07004713,0.05342192,0.042249963
0.06717588,0.061201118,0.096998386,0.07375726,0.06739482,0.060662776,0.045720108,0.06995705,0.053399727,0.042209662
0.06733569,0.06145867,0.09609494,0.07308634,0.06781116,0.061937984,0.04491798,0.06939636,0.05311318,0.04273461
0.067529514,0.061291605,0.09536742,0.07309778,0.06810044,0.06266405,0.04453175,0.06915968,0.05278414,0.04290653
0.067303605,0.061369855,0.0969396,0.073331974,0.067515634,0.06101448,0.04547663,0.06983074,0.053344663,0.04234546
0.06717547,0.061279427,0.09695757,0.07351324,0.06752088,0.06094881,0.04544187,0.06985064,0.05336604,0.042352125
0.06730718,0.061096694,0.096670724,0.07337051,0.06759034,0.061053928,0.04531588,0.069817916,0.053438146,0.04251796
0.06732881,0.061105527,0.096733704,0.073396266,0.067569435,0.0610281,0.045333777,0.06984703,0.053436015,0.042481016
0.0673025,0.061362617,0.09598882,0.07317791,0.067833394,0.06133638,0.045210216,0.06956095,0.053156987,0.042739984
0.067431875,0.06133509,0.09582925,0.07316735,0.067797855,0.062036768,0.044847935,0.06934399,0.053019788,0.042834178
0.067191415,0.061367434,0.096114025,0.073378146,0.067627534,0.06125392,0.04539177,0.069653444,0.053105664,0.042612266
0.06734151,0.061086204,0.097046204,0.07328405,0.06752777,0.061499607,0.045147166,0.06975334,0.05335668,0.042419516
0.06735177,0.061489858,0.09557405,0.07320862,0.067777865,0.0616749,0.04504214,0.06935591,0.052979212,0.04289168
0.067447126,0.061435547,0.095595546,0.07310779,0.067860834,0.061856877,0.044877686,0.069224104,0.053021826,0.042924974
0.0671546,0.06145107,0.09608401,0.07328236,0.06770804,0.061312675,0.0453153,0.06949263,0.053118706,0.042660672
0.067653164,0.061408244,0.09536142,0.072927974,0.06777563,0.062163766,0.044648916,0.0691658,0.052942038,0.043036655
0.06754353,0.061441757,0.09522097,0.073001936,0.067999534,0.062266212,0.0446756,0.06920626,0.052856006,0.043002825
0.067141235,0.061571483,0.096764125,0.07322842,0.06761129,0.061284292,0.045409378,0.06964772,0.05330819,0.042519394
0.06730055,0.0614363,0.096396625,0.073310085,0.067648664,0.06133303,0.04523303,0.06978012,0.053162616,0.04263775
0.067230456,0.060962636,0.097194575,0.07343128,0.06743561,0.06120146,0.045360096,0.06996477,0.05350444,0.04221139
0.06725821,0.060975313,0.097161815,0.073478274,0.06744501,0.061189596,0.045365382,0.06995235,0.053491913,0.04219171
0.06712862,0.06112604,0.09672591,0.07349032,0.067499466,0.06113428,0.04545028,0.07005427,0.053332854,0.04233103
0.06731242,0.061217528,0.09605885,0.07329334,0.06779318,0.062027205,0.04487333,0.06961048,0.05300503,0.04269211
0.06763282,0.061388656,0.09487415,0.07305066,0.06819367,0.062739424,0.04438879,0.069118746,0.052805755,0.043063134
0.067038834,0.061193805,0.097267695,0.073514014,0.06748168,0.060755875,0.04570636,0.07004972,0.053501923,0.04223586
0.067453906,0.061278053,0.0956572,0.07297293,0.0680988,0.0627651,0.044394985,0.06918795,0.05287911,0.04291744
0.067235254,0.06114421,0.09656223,0.07345189,0.0676703,0.061221022,0.045322318,0.069718964,0.053331614,0.04252255
0.06726319,0.061153907,0.09652725,0.07349942,0.06767756,0.06120661,0.045326978,0.069701925,0.053318944,0.042503316
0.06760771,0.06147848,0.09526635,0.07300271,0.06798748,0.062323235,0.044617716,0.069162875,0.052877672,0.0430255
0.06714956,0.061316665,0.09668916,0.07338493,0.06758761,0.06141038,0.045309976,0.06979222,0.053237904,0.04244515
0.0672882,0.061193127,0.09648731,0.07331427,0.06762443,0.061319523,0.045166597,0.06969026,0.05334157,0.04262241
0.067237705,0.061289236,0.096723035,0.073442966,0.06751126,0.061142847,0.045295313,0.06970924,0.053356513,0.042505316
0.06731295,0.061200444,0.096451715,0.07335629,0.06763286,0.061305624,0.04517657,0.06968015,0.053335436,0.042604312
0.06723705,0.0612893,0.09672589,0.073440164,0.06751403,0.061143406,0.045293335,0.069705606,0.053356513,0.04250441
0.06734959,0.061143138,0.0965134,0.073300555,0.06767547,0.061398163,0.045105476,0.06966099,0.053334676,0.042596497
0.06731258,0.061202884,0.09645115,0.073355295,0.067628756,0.061305456,0.045176648,0.06968138,0.053330325,0.042602763
0.06726087,0.061292864,0.09668434,0.07349284,0.06751956,0.0611261,0.045304842,0.06969446,0.053347867,0.042485643
0.067236915,0.061328817,0.09701173,0.07354419,0.06743766,0.06103308,0.045356557,0.06969753,0.053375676,0.042372137
0.067337215,0.061210785,0.096416086,0.07339728,0.06763732,0.06129179,0.04518501,0.0696709,0.05332343,0.04258509
0.06713083,0.061133794,0.09703391,0.07345889,0.06744939,0.060844984,0.04553459,0.06995889,0.053466324,0.042368468
0.06731227,0.061202247,0.09645115,0.073354915,0.06763141,0.06130572,0.045177143,0.06968153,0.053331412,0.042603508
0.067261346,0.061297514,0.09668966,0.073483944,0.06752155,0.06112925,0.045302253,0.069695644,0.053349048,0.04248628
0.06723651,0.06128491,0.096720666,0.073449,0.06751196,0.06114005,0.045295965,0.06970472,0.053355217,0.04250384
0.06728881,0.06123814,0.09677836,0.07340422,0.06755029,0.061212324,0.045227464,0.06968399,0.053364597,0.04249122
0.06737548,0.061154738,0.09648426,0.07334014,0.06768639,0.061388087,0.045111183,0.06964907,0.053324815,0.042578295
0.06733829,0.061208814,0.09641705,0.07339861,0.06764162,0.061292164,0.04518559,0.06967035,0.053328846,0.04258701
0.06725999,0.061295386,0.09668423,0.07349151,0.06751779,0.06112587,0.04530508,0.06969625,0.053343534,0.042485133
0.06733718,0.06121125,0.096416585,0.07339771,0.06763791,0.0612926,0.045183532,0.06967048,0.053322937,0.04258573
0.06733735,0.06121121,0.096417025,0.07339723,0.067640044,0.061292164,0.045185506,0.0696719,0.053324502,0.042586517
0.06733881,0.061253667,0.09670742,0.07349022,0.06756659,0.06118456,0.04524615,0.0696644,0.053350918,0.042455766
0.067090765,0.061341245,0.096431546,0.07345068,0.06760426,0.061633866,0.04521973,0.06966274,0.053138524,0.042525053
0.06748199,0.061323997,0.095859095,0.073086105,0.06780363,0.06193198,0.044814426,0.069421865,0.053035524,0.04279703
0.06749663,0.061492432,0.09516762,0.07309478,0.06800951,0.06231394,0.04472693,0.06928381,0.052730322,0.042994637
0.06765357,0.061488792,0.095228225,0.072922446,0.06790326,0.06231631,0.044629835,0.06916611,0.052866645,0.042999364
0.06732591,0.061461806,0.09612656,0.073252626,0.067807965,0.06153865,0.04506424,0.06963124,0.053130284,0.042758483
0.067163,0.061334636,0.09649787,0.073389634,0.067585655,0.06119744,0.045434076,0.06986414,0.053252924,0.042448085
0.06721222,0.061064295,0.096793115,0.07350162,0.0676176,0.061548688,0.045197286,0.06977403,0.053312145,0.042364348
0.06747375,0.06150789,0.095727734,0.07315155,0.06784133,0.061643273,0.044996623,0.06932575,0.05302023,0.042859897
0.06737986,0.06156252,0.09602251,0.07301459,0.0676692,0.06152977,0.04520279,0.069487885,0.053032473,0.042745233
0.0672758,0.06138393,0.09643681,0.07321179,0.06755205,0.06115546,0.045399364,0.06969095,0.05318343,0.04259105
0.06735147,0.06152744,0.09577367,0.07316828,0.06776902,0.061509162,0.045139056,0.06947397,0.05299924,0.04284978
0.067441955,0.06151065,0.09564227,0.07311311,0.06779439,0.06167362,0.044998847,0.0693943,0.052980937,0.04293661
0.06719309,0.061419,0.096295595,0.07322263,0.067598216,0.061452594,0.045281854,0.06966457,0.053152625,0.04255321
0.067636155,0.061406564,0.095137395,0.07293329,0.067930035,0.06243631,0.044560786,0.06923972,0.05281809,0.04302705
0.06753294,0.061400227,0.09530458,0.0730081,0.06787155,0.062282845,0.04467851,0.06931243,0.052862488,0.042944234
0.067513466,0.061155476,0.09616868,0.0730888,0.06793959,0.06252248,0.044523597,0.06931181,0.053068392,0.042765357
0.06722291,0.061476998,0.09639335,0.07333616,0.06766613,0.060994606,0.045461968,0.06976603,0.053191137,0.042549178
0.0676268,0.061390523,0.09486068,0.07298482,0.06801861,0.062755235,0.044409804,0.06904041,0.05269769,0.04314231
0.067556605,0.061442982,0.09489287,0.07298237,0.0681484,0.06273454,0.04440052,0.068909064,0.05275367,0.043135196
0.06752418,0.061396405,0.09516783,0.073078,0.06790502,0.062366325,0.044670526,0.06918906,0.052790303,0.043010876
0.06737832,0.061422527,0.09527948,0.07314524,0.06792602,0.06218391,0.044802062,0.06917579,0.05283447,0.04292895
0.067242,0.06116948,0.09595726,0.0732759,0.06789869,0.061711237,0.04501263,0.06938058,0.05317596,0.04273951
0.06742306,0.06134821,0.095462576,0.07314543,0.06778249,0.062051397,0.044848803,0.06927962,0.052951396,0.042881884
0.067588866,0.06133366,0.09509301,0.073038034,0.06803671,0.062483653,0.04447879,0.06904698,0.052884378,0.043078553
0.06715606,0.061297394,0.09723663,0.07354137,0.067307994,0.06063211,0.045633316,0.06990717,0.05345653,0.042321492
0.0672471,0.061246518,0.09725829,0.07355181,0.06736519,0.06069548,0.045560278,0.06986703,0.05345021,0.042281955
0.06715631,0.061299715,0.09723385,0.07354818,0.06730443,0.06063076,0.045627143,0.06990844,0.053453077,0.042321317
0.06722768,0.06123724,0.09727184,0.07352832,0.06737951,0.060723532,0.045554847,0.069865115,0.053440224,0.042287014
0.067230314,0.061235648,0.09727347,0.07352488,0.06737773,0.06072746,0.045556232,0.06986457,0.053441394,0.04228751
0.06724575,0.06124702,0.09725806,0.07355058,0.0673633,0.06069491,0.04556313,0.06986549,0.05344769,0.042280227
0.06721705,0.061237033,0.09730499,0.07349676,0.06735792,0.06071343,0.045549333,0.069875054,0.05346227,0.042304102
0.067397915,0.06139849,0.09593215,0.073165506,0.06774622,0.061361104,0.045113638,0.069466144,0.053130556,0.04281179
0.06731029,0.061403576,0.095931426,0.07321905,0.06779501,0.0616784,0.04505309,0.06942907,0.053029045,0.042774796
0.06693217,0.061351344,0.09669671,0.07355722,0.06750357,0.06077865,0.04571927,0.069969185,0.053268492,0.04227828
0.06728282,0.061270397,0.096415274,0.07335752,0.067777544,0.06132484,0.04518136,0.06977776,0.05327263,0.042616013
0.067556046,0.061340798,0.0955003,0.07296314,0.06782323,0.062452696,0.044606395,0.06932019,0.052895993,0.0429294
0.06744203,0.06150498,0.09558825,0.073015295,0.06784251,0.06180282,0.04497465,0.06933507,0.052937765,0.04286351
0.06749236,0.06125962,0.09617363,0.0732321,0.067636155,0.06184828,0.045034565,0.06962888,0.053090315,0.042554844
0.067086846,0.061286487,0.09701335,0.07345554,0.06753311,0.060681265,0.045611158,0.06990018,0.05344911,0.04242953
0.06718935,0.061302677,0.09686505,0.07354268,0.06763896,0.060600914,0.045636978,0.06973267,0.053458594,0.042430557
0.06740198,0.061483804,0.09551839,0.07306007,0.0679445,0.061987244,0.044865333,0.069166206,0.052947797,0.042966347
0.06733106,0.06161342,0.09583106,0.073188215,0.06781196,0.06177661,0.045019396,0.06918876,0.05297939,0.042823903
0.06729154,0.06151766,0.09568025,0.073108874,0.067906,0.061781637,0.045034815,0.06925676,0.052968938,0.04286935
0.067304276,0.061526906,0.09571532,0.07314471,0.06787698,0.061718225,0.045079183,0.06930707,0.05296425,0.042871006
0.067165986,0.06112797,0.096798494,0.07343408,0.067584455,0.061126087,0.045361746,0.06986229,0.053304512,0.04243495
0.06707374,0.061187226,0.097231634,0.073448464,0.06752843,0.061105184,0.04540662,0.069902375,0.053460125,0.042266812
0.06712523,0.06116124,0.096849196,0.073464796,0.06741811,0.06089864,0.04555801,0.06992019,0.05326788,0.04244532
0.06736063,0.061538085,0.09584298,0.07322733,0.06777267,0.061385926,0.045172594,0.06969796,0.053088628,0.042760834
0.06733722,0.061086092,0.096277714,0.07351714,0.06766318,0.06129783,0.045218997,0.069781974,0.053287804,0.042524785
0.067318894,0.06107524,0.09628813,0.07349568,0.06767732,0.061324943,0.045214366,0.06978278,0.05328255,0.0425323
0.06724476,0.06114546,0.0966543,0.07341509,0.06756462,0.061064865,0.045388237,0.069895856,0.053315468,0.042468816
0.06723901,0.06163633,0.09658806,0.073207185,0.06740584,0.061170492,0.04548734,0.06961722,0.053101275,0.04246529
0.06711207,0.061497454,0.09698586,0.07328887,0.06755637,0.061085533,0.045435973,0.06954405,0.053404067,0.042500734
0.067353174,0.06113902,0.0960414,0.073308855,0.06770399,0.06192753,0.044932455,0.0696556,0.053017627,0.042674795
0.067102745,0.06163812,0.096927576,0.073166594,0.06754893,0.060717538,0.045719776,0.06976148,0.0533337,0.042511206
0.06745039,0.061452936,0.09549327,0.0730681,0.06783905,0.06190381,0.044875253,0.06935112,0.05299211,0.04295424
0.06709837,0.061405394,0.09669836,0.07342548,0.06739494,0.06074261,0.045666628,0.06989581,0.05330294,0.04247225
0.067594446,0.061339054,0.096016854,0.07281899,0.06781632,0.06260717,0.044488225,0.06923333,0.05296315,0.04285324
0.06735433,0.06144388,0.09577707,0.07315955,0.0678248,0.061602816,0.045063943,0.06937215,0.053048085,0.0427828
0.067532144,0.06151684,0.09571761,0.0731181,0.067685984,0.061756138,0.04494105,0.06922013,0.053034578,0.042857282
0.06714512,0.061184417,0.09703865,0.07348358,0.06745907,0.06090447,0.045553196,0.069930516,0.05335625,0.042368732
0.06725585,0.061251312,0.09658833,0.07335934,0.06763217,0.061275925,0.045261633,0.06975261,0.05321912,0.042560153
0.06716807,0.06116431,0.09705945,0.073475614,0.06744765,0.060900755,0.04553546,0.069953665,0.053360786,0.042374328
0.06719524,0.061062817,0.09712083,0.07362629,0.06739084,0.060910344,0.045459043,0.06991708,0.053479627,0.04227847
0.067043506,0.06127715,0.09659301,0.073506586,0.06755326,0.060894657,0.045617696,0.07001915,0.053271458,0.042358514
0.06735312,0.061474927,0.09602221,0.07317769,0.067710206,0.061280623,0.045209408,0.069526844,0.053110592,0.04277127
0.06726407,0.06115612,0.096642666,0.07341114,0.06758217,0.061666895,0.04510383,0.0698797,0.05320783,0.04249699
0.0677155,0.061383866,0.09479077,0.07291183,0.067949675,0.06273766,0.044370454,0.068945006,0.052787106,0.04326588
0.06714217,0.061498564,0.09598243,0.073351935,0.06764193,0.061268,0.04547169,0.06974215,0.052970685,0.04265507
0.067403935,0.06149912,0.09555872,0.07317171,0.06778436,0.061671253,0.04503111,0.0694383,0.052990973,0.04281726
0.06772519,0.061471757,0.095102444,0.07300402,0.06799375,0.062615894,0.044490706,0.06913118,0.052800737,0.04305047
0.067487404,0.061370954,0.09552969,0.0730733,0.06787305,0.06185601,0.044842254,0.06934264,0.053002104,0.042920534
0.0675505,0.061491754,0.09533372,0.07298277,0.0678225,0.062363047,0.04466413,0.069128945,0.05280479,0.042987626
0.067599826,0.061541814,0.09563842,0.07305281,0.067834325,0.061907366,0.04484885,0.06932271,0.05297445,0.042829175
0.06770049,0.061381374,0.09487108,0.07288566,0.06794309,0.06273277,0.044393275,0.06898961,0.052799366,0.04324786
0.06751192,0.061446946,0.095087886,0.072950184,0.068129845,0.06292024,0.04441154,0.06909274,0.05267206,0.04300741
0.067254364,0.06147617,0.096238986,0.07336338,0.06765334,0.061421398,0.045315836,0.069730036,0.05302554,0.042589415
0.067224026,0.061278354,0.09625832,0.073333964,0.06778416,0.061403442,0.045182474,0.06960798,0.05315487,0.042633623
0.06741435,0.061432593,0.09574646,0.0731242,0.067891926,0.061798222,0.04489564,0.06934173,0.053049304,0.04287077
0.06733947,0.061478257,0.0959416,0.07323519,0.067807965,0.061510522,0.045119103,0.069513366,0.053057976,0.04278997
0.066906735,0.061449368,0.09631474,0.07355421,0.067505695,0.061062932,0.045738284,0.06989505,0.05310742,0.04238004
0.06752417,0.06148343,0.0952703,0.07303421,0.06827496,0.06275273,0.044499546,0.06907681,0.05277714,0.042924352
0.067294985,0.06136636,0.09607326,0.073207125,0.06783038,0.061644085,0.04504719,0.069419354,0.05303753,0.0427711
0.06737904,0.061438102,0.096002355,0.07311254,0.06773907,0.061562322,0.045062877,0.06941501,0.053115252,0.042842254
0.06745306,0.061482884,0.0958125,0.073098905,0.06769928,0.06189852,0.044976693,0.06950805,0.052937746,0.042735174
0.06736784,0.06156175,0.096393295,0.07329501,0.06764266,0.061245486,0.04526484,0.06950926,0.053177882,0.042549733
0.067304894,0.06136406,0.09587042,0.07327872,0.06788184,0.061872084,0.04502613,0.069638625,0.05297814,0.042712644
0.067671865,0.061641447,0.09498188,0.07307497,0.06795253,0.06265976,0.044456664,0.06889931,0.052736815,0.04302273
0.0675799,0.06138107,0.09535154,0.07296813,0.06787364,0.062174845,0.044677574,0.06909293,0.052975647,0.043117054
0.06748618,0.061301176,0.095635384,0.07301669,0.06816757,0.06256323,0.044493534,0.06920353,0.05293129,0.042890742
0.06734262,0.06140303,0.0963255,0.07327046,0.06779391,0.061532374,0.045092955,0.06960975,0.053161703,0.042639785
0.06717112,0.060753904,0.09747701,0.07366215,0.067368306,0.06087912,0.045466233,0.0702114,0.053618304,0.042141043
0.067150496,0.061356973,0.0966454,0.073412664,0.06749038,0.061130937,0.045554902,0.069876514,0.053130962,0.042445175
0.06733885,0.06129628,0.09617709,0.07325874,0.06776684,0.061462436,0.045068275,0.069572784,0.05322377,0.042751413
0.06710618,0.061568208,0.096668564,0.073287226,0.067614265,0.06091686,0.045529354,0.069707565,0.05329151,0.042540416
0.06733562,0.061561152,0.09586965,0.07318432,0.06782489,0.061684247,0.045095187,0.0694496,0.052986734,0.042765256
0.067219496,0.061333142,0.09628315,0.07329699,0.06761831,0.061352342,0.045261994,0.06971044,0.053171426,0.04260517
0.06742456,0.06149642,0.09588356,0.07308937,0.06783627,0.061649114,0.04499971,0.069512464,0.0530406,0.04285328
0.06735154,0.0613121,0.09612042,0.07318269,0.0677562,0.06204148,0.044901635,0.069459364,0.053103182,0.04265892
0.06716558,0.06123218,0.0964267,0.07349747,0.067635976,0.06132231,0.045328543,0.06972265,0.0533388,0.04247282
0.06741886,0.06134165,0.09586923,0.07304047,0.06778282,0.06208378,0.044808123,0.06941914,0.053013816,0.04279437
0.067538805,0.061282516,0.0956163,0.073135465,0.067943305,0.06254611,0.044532973,0.06936311,0.052871324,0.04288904
0.067337416,0.06104529,0.096780114,0.07340141,0.06767968,0.061548486,0.045047447,0.06971479,0.05332727,0.042446367
0.067310125,0.06103246,0.09681012,0.07335931,0.0676679,0.061558705,0.045042466,0.069727816,0.053337958,0.04246521
0.067250356,0.061128717,0.097080566,0.07347232,0.067524076,0.061355844,0.04517551,0.06975675,0.05337284,0.042354908
0.06784722,0.06137937,0.09451668,0.07286506,0.06802015,0.06306063,0.044235196,0.06887978,0.052718632,0.043284383
0.06704699,0.061126404,0.096934065,0.07363942,0.067483254,0.061058924,0.045573574,0.070117876,0.053421363,0.042236898
0.06740479,0.0614015,0.09556021,0.073039874,0.067819916,0.06200712,0.044866893,0.06938796,0.052933726,0.04281781
0.067520015,0.0614306,0.09548541,0.07298538,0.06784864,0.062066667,0.044782635,0.06939958,0.05297411,0.042830054
0.06708669,0.061126873,0.097240984,0.07341108,0.06743347,0.061313927,0.045444816,0.06999211,0.053411193,0.042201396
0.06725231,0.061108608,0.09672623,0.07327909,0.06765469,0.06182296,0.045033872,0.06976324,0.05325693,0.042420853
0.06722787,0.06138264,0.09670808,0.0731889,0.06756992,0.061535046,0.045180578,0.06977836,0.053193573,0.04250349
0.06725119,0.061176028,0.09633829,0.07334132,0.06763812,0.06161153,0.04509269,0.069642566,0.05315359,0.042586148
0.06710023,0.061278872,0.09698771,0.073394194,0.06759898,0.061252266,0.04534216,0.06975633,0.053353403,0.04240962
0.067461826,0.0614447,0.09511572,0.07312708,0.067935444,0.06229295,0.044727817,0.06916962,0.052762832,0.042984445
0.06751774,0.061532646,0.0947997,0.07302821,0.06811334,0.06283739,0.04442455,0.06902627,0.05256502,0.04310795
0.06756929,0.061454765,0.09466424,0.07301431,0.068288155,0.06302631,0.044228945,0.0689089,0.05259402,0.04315936
0.06744588,0.061251476,0.09537665,0.07316704,0.067790486,0.062492352,0.044612896,0.06935043,0.052842643,0.042855356
0.06755222,0.061494827,0.09477469,0.07300565,0.06819239,0.06287308,0.04437578,0.06901303,0.05257902,0.04309813
0.06716913,0.061177924,0.09625639,0.07330935,0.067686684,0.06193273,0.04500566,0.069570355,0.053103432,0.042572204
0.0675815,0.061457243,0.09464783,0.0729764,0.06824324,0.063109286,0.0442044,0.06886145,0.05256188,0.043200124
0.06765677,0.061497137,0.09441604,0.07293083,0.06807608,0.06306328,0.044247113,0.06882802,0.05255336,0.04325338
0.06733654,0.061337885,0.09548106,0.073275074,0.0679183,0.062156167,0.044853777,0.06946,0.05286032,0.042797185
0.06764901,0.061329685,0.0948978,0.07291647,0.06818846,0.063155316,0.044129424,0.06894785,0.05264966,0.043150853
0.067541346,0.06142602,0.094726354,0.07306529,0.067959204,0.062864326,0.044395514,0.069043554,0.05261343,0.043094877
0.06755533,0.06143116,0.094842196,0.07303726,0.067959264,0.06286531,0.04442986,0.06905231,0.052652538,0.043083966
0.06766884,0.061435744,0.09455177,0.073039785,0.068329126,0.06298988,0.044213235,0.068940885,0.05265698,0.04315202
0.06720972,0.0615745,0.09622995,0.07321056,0.06765942,0.061175123,0.045387976,0.06968617,0.05310523,0.04261006
0.067587115,0.061449144,0.09506733,0.07305827,0.06785571,0.062306665,0.044682804,0.06929785,0.05277361,0.043040935
0.06739712,0.06120976,0.09638023,0.073212124,0.067700185,0.061483458,0.04510613,0.06966181,0.053288884,0.04255156
0.0673418,0.061311074,0.09662912,0.07334261,0.06758633,0.061302446,0.045237374,0.069677405,0.053302113,0.04242835
0.06721066,0.061159257,0.09686127,0.07343481,0.06751932,0.06095745,0.045512177,0.06991658,0.0534039,0.042282272
0.06740724,0.061210692,0.09635277,0.073232986,0.067715466,0.061493106,0.045112643,0.06965432,0.053272665,0.042537976
0.06736895,0.06132353,0.09659838,0.07338503,0.06759721,0.06129182,0.045242794,0.06966516,0.0532909,0.042409375
0.06743471,0.061223187,0.09632247,0.073274024,0.06772727,0.061482884,0.045118257,0.06964178,0.053262122,0.04251902
0.06718415,0.061147343,0.096892826,0.07338996,0.067510255,0.060968775,0.04550658,0.06992845,0.05341579,0.042301316
0.06702454,0.061407,0.09696156,0.073324144,0.06740634,0.06103607,0.045642767,0.06991046,0.05328652,0.042260293
0.06743249,0.06141158,0.096101284,0.07319763,0.06777266,0.061438277,0.04507747,0.06954951,0.053169373,0.042749643
0.067395285,0.061531764,0.09552468,0.07300035,0.06789941,0.062492304,0.044673704,0.06911802,0.05274666,0.042943478
0.06748074,0.061256286,0.09576139,0.07322303,0.06793325,0.062084515,0.0447684,0.06956274,0.05298657,0.04282732
0.06712511,0.061515853,0.096532054,0.07341393,0.06754988,0.061200116,0.045485567,0.06963243,0.053135205,0.042488806
0.067364916,0.061494842,0.096328035,0.073232606,0.06773453,0.061016448,0.045273483,0.06956369,0.05332491,0.042702705
0.06735491,0.061365016,0.09594242,0.073233694,0.0678084,0.06170682,0.04505112,0.069561936,0.053168375,0.04264422
0.067197196,0.061424676,0.09636946,0.07333914,0.06774744,0.061451595,0.04525784,0.06964124,0.053166047,0.04255304
0.06759241,0.061406825,0.09491629,0.072987236,0.06799243,0.062494382,0.044518407,0.06905488,0.05278576,0.043104883
0.06741898,0.06151851,0.095099844,0.073162295,0.06794058,0.061999545,0.044873647,0.069336616,0.052814536,0.04299738
0.06739536,0.061356973,0.09560106,0.07327394,0.067742154,0.061828017,0.044995878,0.06948058,0.052949052,0.042747974
0.06751298,0.061355017,0.09520452,0.07307594,0.06790351,0.062305346,0.04465523,0.06918776,0.052870523,0.042995147
0.06743237,0.061514407,0.09593767,0.07306072,0.06776569,0.061480798,0.045085374,0.06947258,0.053130988,0.04279622
0.0675493,0.061480574,0.095447876,0.07304791,0.06790412,0.062097315,0.0447396,0.06926428,0.052948553,0.04294873
0.06758696,0.061569113,0.095540956,0.07313364,0.067840256,0.06209347,0.0447354,0.06919471,0.05295307,0.042901214
0.06697632,0.061620347,0.09682448,0.07333981,0.06744197,0.060581844,0.045848403,0.06992294,0.05328898,0.04241752
0.0673642,0.06150149,0.09596421,0.07306216,0.06772211,0.06174908,0.04508213,0.06952017,0.052954264,0.04276071
